codigo;tipo;nombre;moscow;cu;hu;pruebas;conflicto
RF-12;RF;El coordinador de cada sede puede configurar el radio máximo de vuelo de los drones de su sede;SHOULD;SC-08;HU-9;skycampus.enterprise.dominio.PoliticaVueloTest#configurarRadio_pedidoMayorQueLaAerocivil_rigeElLimiteDeLaAerocivil|skycampus.enterprise.dominio.PoliticaVueloTest#configurarRadio_pedidoDentroDeLosLimites_rigeElPedido;C-01|C-02
RF-13;RF;El superadmin define el techo de radio de toda la red;SHOULD;SC-09;HU-10;skycampus.enterprise.dominio.PoliticaVueloTest#definirTechoRed_menorQueElRadioDelCoordinador_rigeElTecho;C-02
RF-14;RF;El sistema planifica la ruta entre sedes, directa o con parada de carga, según un criterio elegible;MUST;SC-10|SC-15;HU-11;skycampus.enterprise.ruta.PlanificadorYGestorTest#planificar_destinoMasLejosQueElAlcance_usaLaEstacionMasCorta|skycampus.enterprise.ruta.RutaCompuestaTest#rutaCompuesta_anidada_tieneTresNivelesYSeComportaComoUnaSola;
RF-15;RF;El sistema asigna a cada misión que no sea urgente el drone con más batería disponible en la sede de origen;MUST;SC-11;HU-12;skycampus.enterprise.aplicacion.AsignadorMisionTest#asigna_conClimaApto_eligeMayorBateria|skycampus.enterprise.aplicacion.AsignadorMisionTest#asigna_consultaLaSedeDeOrigen;C-04
RF-16;RF;Ningún vuelo entre sedes despega sin la autorización de la Aerocivil;MUST;SC-12|SC-15;HU-13;skycampus.enterprise.aplicacion.AutorizadorVueloTest#decidir_planValidoYAerocivilAutoriza_autoriza|skycampus.enterprise.aplicacion.AutorizadorVueloTest#decidir_urgenteONo_siemprePideLaAutorizacionDeLaAerocivil;C-03
RF-17;RF;El superadmin ve el ranking de eficiencia de las sedes de la red;COULD;SC-13;HU-14;skycampus.enterprise.analytics.AnalyticsRedTest#ranking_escenarios_ordenaPorTasaLuegoEntregadasLuegoNombre;
RF-18;RF;El sistema avisa el inicio, la finalización y el fallo de cada etapa de una ruta;SHOULD;SC-14;HU-15;skycampus.enterprise.ruta.RutaCompuestaTest#ejecutar_rutaCompuesta_avisaIniciadaYCompletadaDeCadaEtapaEnOrden|skycampus.enterprise.ruta.PlanificadorYGestorTest#ejecutar_etapaFallida_losObservadoresRecibenLaAlertaSinCambiarLaRuta;
RF-19;RF;El coordinador consulta la eficiencia de su propia sede;COULD;SC-13;HU-16;skycampus.enterprise.analytics.AnalyticsRedTest#eficienciaPorSede_escenarios_calculaLasCuatroMetricasPorSede;
RNF-08;RNF;Planificar una ruta entre sedes con 20 estaciones tarda menos de 500 ms;SHOULD;SC-10;HU-11;skycampus.enterprise.requisitos.RequisitosEnterpriseTest#rnf08_planificarConVeinteEstaciones_tardaMenosDe500ms;
RNF-09;RNF;Las rutas entre sedes respetan el espacio aéreo de la Aerocivil y ningún drone vuela a más de 120 m en zona urbana;MUST;SC-12|SC-08;HU-13|HU-9;skycampus.enterprise.aplicacion.AutorizadorVueloTest#decidir_alturaSobre120EnZonaUrbana_rechaza|skycampus.enterprise.aplicacion.AutorizadorVueloTest#decidir_radioConfiguradoPorElCoordinadorQueViolaLaAerocivil_seRechaza|skycampus.enterprise.dominio.PoliticaVueloTest#radioEfectivo_laAerocivilReduceElLimiteDespues_seSigueCumpliendo;C-01|C-03
RNF-10;RNF;Si la Aerocivil no responde o falla, el vuelo no despega;MUST;SC-12;HU-13;skycampus.enterprise.aplicacion.AutorizadorVueloTest#decidir_aerocivilFalla_noSeDespega;
RNF-11;RNF;El dominio no depende de ningún framework ni librería externa;SHOULD;SC-11|SC-12;HU-12|HU-13;skycampus.enterprise.arquitectura.ArquitecturaCapasTest#dominio_noImportaFrameworksNiLibrerias;
